timestamp,overall,Evidence Coverage,Quantification,Market Alignment,Leadership Signals,Readability,Redundancy,Evidence Utilization
2026-08-02T23:16:30.078541,34,0,0,0,0,100,100,40
2026-08-02T23:17:17.266851,34,0,0,0,0,100,100,40
2026-08-02T23:18:06.623289,34,0,0,0,0,100,100,40
2026-08-02T23:18:52.328549,34,0,0,0,0,100,100,40
2026-08-02T23:21:57.326446,34,0,0,0,0,100,100,40
2026-08-02T23:22:29.225473,34,0,0,0,0,100,100,40
2026-08-02T23:28:36.495146,34,0,0,0,0,100,100,40
2026-08-03T18:34:14.645807,34,0,0,0,0,100,100,40
2026-08-03T18:34:49.870337,34,0,0,0,0,100,100,40
2026-08-03T18:44:37.318718,34,0,0,0,0,100,100,40
2026-08-03T19:51:54.014427,34,0,0,0,0,100,100,40
2026-08-03T20:00:10.919730,34,0,0,0,0,100,100,40
2026-08-03T20:04:47.933566,34,0,0,0,0,100,100,40
2026-08-03T20:12:20.807043,34,0,0,0,0,100,100,40
2026-08-03T20:25:30.770506,34,0,0,0,0,100,100,40
2026-08-03T20:58:19.100994,34,0,0,0,0,100,100,40
2026-08-03T21:22:43.094121,34,0,0,0,0,100,100,40
2026-08-03T21:24:11.166623,34,0,0,0,0,100,100,40
2026-08-07T23:52:16.431134,34,0,0,0,0,100,100,40
2026-08-07T23:53:48.065107,34,0,0,0,0,100,100,40
2026-08-08T18:30:17.127680,34,0,0,0,0,100,100,40
2026-08-08T18:35:44.793483,34,0,0,0,0,100,100,40
2026-08-08T18:44:46.617907,34,0,0,0,0,100,100,40
2026-08-08T18:47:37.675280,34,0,0,0,0,100,100,40
2026-08-08T19:05:24.080950,34,0,0,0,0,100,100,40
2026-08-08T19:06:42.376406,34,0,0,0,0,100,100,40
2026-08-08T19:15:44.765958,34,0,0,0,0,100,100,40
2026-08-08T19:20:41.000751,34,0,0,0,0,100,100,40
2026-08-11T01:52:11.467176,33,0,0,0,0,100,100,36
2026-08-11T01:53:05.676842,33,0,0,0,0,100,100,36
2026-08-11T01:56:34.130332,33,0,0,0,0,100,100,36
2026-08-11T02:02:10.538050,33,0,0,0,0,100,100,36
2026-08-11T02:04:19.820416,33,0,0,0,0,100,100,36
